id,category,scripture_relevance,audience_level,novice_load_level,meaning_length,has_phonetic
1,天文类,low,,,10,1
2,天文类,low,,,87,1
3,天文类,low,,,49,1
4,天文类,low,,,11,1
5,天文,low,,,4,1
6,天文,low,,,5,1
7,天文,low,,,7,1
8,天文,low,,,7,1
9,天文,low,,,7,1
10,天文,low,,,7,1
11,天文,low,,,4,1
12,天文,low,,,5,1
13,天文,low,,,5,1
14,天文,low,,,6,1
1,天文,low,,,7,1
2,天文,low,,,19,1
3,天文,low,,,10,1
4,天文,low,,,21,1
5,天文,low,,,10,1
6,天文,low,,,6,1
7,天文,low,,,81,1
8,天文,low,,,6,1
18,天文,low,,,40,1
19,天文,low,,,46,1
20,天文,low,,,52,1
21,天文,low,,,32,1
22,天文,low,,,81,1
23,天文,low,,,8,1
24,天文,low,,,89,1
25,天文,low,,,13,1
26,天文,low,,,40,1
27,天文,low,,,58,1
28,天文,low,,,40,1
1,天文,low,,,35,1
2,天文,low,,,24,1
3,天文,low,,,33,1
4,天文,low,,,18,1
32,天文,low,,,5,1
33,天文,low,,,6,1
34,天文,low,,,2,1
35,天文,low,,,4,1
36,天文,low,,,3,1
37,天文,low,,,3,1
38,天文,low,,,26,1
39,天文,low,,,56,1
40,天文,low,,,51,1
41,天文,low,,,21,1
42,天文,low,,,8,1
43,天文,low,,,8,1
44,天文,low,,,23,1
45,天文,low,,,19,1
46,天文,low,,,24,1
47,天文,low,,,33,1
48,天文,low,,,69,1
49,天文,low,,,13,1
50,天文,low,,,22,1
51,天文,low,,,87,1
52,天文,low,,,7,1
53,天文,low,,,5,1
54,天文,low,,,41,1
55,天文,low,,,41,1
56,天文,low,,,38,1
57,天文,low,,,80,1
58,天文,low,,,18,1
59,天文,low,,,20,1
60,天文,low,,,3,1
61,天文,low,,,58,1
62,天文,low,,,55,1
63,天文,low,,,41,1
64,天文,low,,,53,1
65,天文,low,,,101,1
66,天文,low,,,91,1
67,天文,low,,,33,1
68,天文,low,,,43,1
69,天文,low,,,61,1
70,天文,low,,,22,1
71,天文,low,,,12,1
1,天文,low,,,62,1
2,天文,low,,,42,1
3,天文,low,,,48,1
4,天文,low,,,35,1
5,天文,low,,,60,1
1,天文,low,,,23,1
2,天文,low,,,49,1
3,天文,low,,,42,1
4,天文,low,,,23,1
5,天文,low,,,21,1
6,天文,low,,,10,1
7,天文,low,,,48,1
8,天文,low,,,32,1
9,天文,low,,,17,1
86,天文,low,,,3,1
87,天文,low,,,4,1
88,天文,low,,,3,1
89,天文,low,,,2,1
90,天文,low,,,2,1
91,天文,low,,,2,1
92,天文,low,,,0,1
93,天文,low,,,121,1
94,天文,low,,,35,1
95,天文,low,,,62,1
96,天文,low,,,15,1
97,天文,low,,,42,1
98,天文,low,,,51,1
99,天文,low,,,63,1
100,天文,low,,,47,1
101,天文,low,,,13,1
102,天文,low,,,13,1
103,天文,low,,,8,1
104,天文,low,,,14,1
105,天文,low,,,8,1
106,天文,low,,,7,1
107,天文,low,,,11,1
108,天文,low,,,44,1
109,天文,low,,,19,1
110,天文,low,,,9,1
111,天文,low,,,57,1
[mi³³ei⁵⁵dʑi³¹tɯ³¹],天文类,low,,,24,1
[muu³³ei⁵⁵dʑi³¹tɯ³¹],天文类,low,,,7,1
[kv⁵⁵],天文类,low,,,9,1
[mi³³ei⁵⁵su³³hae³¹],天文类,low,,,19,1
[mi³³ei⁵⁵su³³hae³¹dʑi³¹tɯ³¹],天文类,low,,,10,1
[muu³³rui⁵⁵nda³³dʑi³¹huu⁵⁵],天文类,low,,,38,1
[ʂʰA55],天文,low,,,10,1
[dzɯu31],天文,low,,,98,1
[dzɯu31],天文,low,,,98,1
[dzɯu33],天文,low,,,58,1
[dzɯ³¹],天文类,low,,,5,1
[hə²⁵],天文类,low,,,3,1
118,地理类,low,,,10,1
119,地理类,low,,,10,1
120,地理类,low,,,24,1
121,地理类,low,,,20,1
122,地理类,low,,,20,1
123,地理,low,,,63,1
124,地理,low,,,56,1
125,地理,low,,,21,1
126,地理,low,,,94,1
127,地理,low,,,54,1
[tʂu⁵³ʁv³³no⁵³no³³],地理,low,,,15,1
[rɑ̃ʔ³³],地理,low,,,95,1
[kʰu³¹],地理,low,,,139,1
[mbo³³],地理,low,,,59,1
[ru³³sə⁵³],地理,low,,,12,1
[tsʰv⁵⁵ʁv³³],地理,low,,,27,1
132,地理,low,,,38,1
133,地理,low,,,37,1
134,地理,low,,,41,1
135,地理,low,,,18,1
136,地理,low,,,39,1
137,地理,low,,,47,1
138,地理,low,,,33,1
139,地理,low,,,17,1
140,地理,low,,,26,1
141,地理,low,,,7,1
142,地理,low,,,30,1
143,地理,low,,,117,1
144,地理,low,,,62,1
145,地理,low,,,12,1
146,地理,low,,,22,1
147,地理,low,,,82,1
148,地理,low,,,70,1
149,地理,low,,,71,1
149,地理,low,,,29,1
150,地理,low,,,43,1
151,地理,low,,,47,1
152,地理,low,,,9,1
153,地理,low,,,4,1
154,地理,low,,,16,1
155,地理,low,,,13,1
156,地理,low,,,7,1
157,地理,low,,,46,1
158,地理,low,,,17,1
159,地理,low,,,38,1
160,地理,low,,,36,1
161,地理,low,,,11,1
[ko³¹],地理,low,,,28,1
[mbo³¹],地理,low,,,24,1
[tsʼe³¹ni³³dza³³kʼwe³¹mbo³¹],地理,low,,,23,1
[co55suk33ka33ru33mbo31],地理,low,,,19,1
[rv33kæ31mbo31],地理,low,,,41,1
[rv33],地理,low,,,29,1
[rv55],地理,low,,,38,1
[rv55rv33],地理,low,,,44,1
（无）,地理,low,,,39,1
[rv31],地理,low,,,42,1
（无）,地理,low,,,11,1
（无）,地理,low,,,17,1
167,地理,low,,,6,1
168,地理,low,,,6,1
169,地理,low,,,31,1
170,地理,low,,,42,1
171,地理,low,,,99,1
172,地理,low,,,58,1
173,地理,low,,,19,1
174,地理,low,,,53,1
175,地理,low,,,79,1
176,地理,low,,,16,1
177,地理,low,,,14,1
178,地理,low,,,4,1
179,地理,low,,,35,1
180,地理,low,,,14,1
181,地理,low,,,10,1
182,地理,low,,,45,1
183,地理,low,,,16,1
184,地理,low,,,9,1
185,地理,low,,,9,1
186,地理,low,,,3,1
187,地理,low,,,6,1
188,地理,low,,,3,1
189,地理,low,,,12,1
190,地理,low,,,15,1
191,地理,low,,,21,1
192,地理,low,,,31,1
193,地理,low,,,14,1
194,地理,low,,,16,1
195,地理,low,,,22,1
196,地理,low,,,45,1
197,地理,low,,,25,1
198,地理,low,,,33,1
199,地理,low,,,19,1
200,地理,low,,,28,1
201,地理,low,,,57,1
202,地理,low,,,26,1
203,地理,low,,,31,1
204,地理,low,,,28,1
205,地理,low,,,52,1
206,地理,low,,,28,1
207,地理,low,,,28,1
208,地理,low,,,47,1
209,地理,low,,,33,1
210,地理,low,,,12,1
210,地理,low,,,36,1
211,地理,low,,,13,1
212,地理,low,,,32,1
213,地理,low,,,47,1
214,地理,low,,,69,1
215,地理,low,,,2,1
216,地理,low,,,5,1
217,地理,low,,,18,1
218,地理,low,,,6,1
219,地理,low,,,9,1
220,地理,low,,,6,1
221,地理,low,,,3,1
222,地理,low,,,4,1
223,地理,low,,,32,1
224,地理,low,,,15,1
225,地理,low,,,38,1
226,地理,low,,,52,1
227,地理,low,,,33,1
228,地理,low,,,11,1
229,地理,low,,,17,1
230,人文类,low,,,7,1
231,人文类,low,,,9,1
232,人文类,low,,,11,1
233,人文类,low,,,9,1
234,人文类,low,,,11,1
235,人文类,low,,,2,1
236,人文,low,,,5,1
237,人文,low,,,3,1
238,人文,low,,,3,1
239,人文,low,,,3,1
240,人文,low,,,4,1
241,人文,low,,,3,1
242,人文,low,,,8,1
243,人文,low,,,61,1
244,人文,low,,,39,1
245,人文,low,,,32,1
246,人文,low,,,33,1
247,人文,low,,,94,1
248,人文,low,,,3,1
249,人文,low,,,3,1
[rɿ³¹],人文,low,,,12,1
[ȵa³¹],人文,low,,,34,1
[ro³¹],人文,low,,,43,1
253,人文,low,,,72,1
254,人文,low,,,27,1
255,人文,low,,,10,1
256,人文,low,,,14,1
257,人文,low,,,31,1
258,人文,low,,,10,1
259,人文,low,,,16,1
260,人文,low,,,62,1
261,人文,low,,,27,1
262,人文,low,,,9,1
263,人文,low,,,30,1
264,人文,low,,,68,1
265,人文,low,,,62,1
266,人文,low,,,14,1
267,人文,low,,,23,1
268,人文,low,,,33,1
269,人文,low,,,44,1
270,人文,low,,,26,1
271,人文,low,,,12,1
272,人文,low,,,11,1
273,人文,low,,,29,1
274,人文,low,,,4,1
275,人文,low,,,11,1
276,人文,low,,,51,1
277,人文,low,,,10,1
278,人文,low,,,10,1
279,人文,low,,,10,1
280,人文,low,,,13,1
281,人文,low,,,3,1
282,人文,low,,,3,1
283,人文,low,,,5,1
284,人文,low,,,3,1
285,人文,low,,,7,1
286,人文,low,,,13,1
287,人文,low,,,4,1
288,人文,low,,,11,1
289,人文,low,,,14,1
290,人文,low,,,14,1
291,人文,low,,,68,1
292,人文,low,,,11,1
293,人文,low,,,22,1
294,人文,low,,,22,1
295,人文,low,,,2,1
296,人文,low,,,2,1
297,人文,low,,,7,1
298,人文,low,,,2,1
299,人文,low,,,2,1
300,人文,low,,,71,1
301,人文,low,,,12,1
302,人文,low,,,13,1
303,人文,low,,,74,1
304,人文,low,,,11,1
305,人文,low,,,64,1
306,人文,low,,,28,1
307,人文,low,,,33,1
308,人文,low,,,13,1
309,人文,low,,,19,1
310,人文,low,,,22,1
311,人文,low,,,15,1
312,人文,low,,,70,1
313,人文,low,,,35,1
314,人文,low,,,58,1
315,人文,low,,,66,1
316,人文,low,,,21,1
317,人文,low,,,47,1
318,人文,low,,,36,1
319,人文,low,,,14,1
320,人文,low,,,11,1
321,人文,low,,,12,1
322,人文,low,,,25,1
323,人文,low,,,21,1
324,人文,low,,,17,1
325,人文,low,,,18,1
326,人文,low,,,13,1
327,人文,low,,,16,1
328,人文,low,,,48,1
329,人文,low,,,11,1
329,人文,low,,,26,1
330,人文,low,,,17,1
331,人文,low,,,20,1
332,人文,low,,,17,1
333,人文,low,,,35,1
334,人文,low,,,43,1
335,人文,low,,,16,1
,人文,low,,,9,1
336,人文,low,,,12,1
337,人文,low,,,15,1
338,人文,low,,,4,1
339,人文,low,,,25,1
340,人文,low,,,51,1
341,人文,low,,,34,1
342,人文,low,,,13,1
343,人文,low,,,19,1
344,人文,low,,,27,1
345,人文,low,,,13,1
346,人文,low,,,29,1
347,人文,low,,,44,1
348,人文,low,,,57,1
349,人文,low,,,51,1
350,人文,low,,,16,1
351,人文,low,,,68,1
352,人文,low,,,11,1
353,人文,low,,,11,1
354,人文,low,,,4,1
355,人文,low,,,22,1
356,人文,low,,,33,1
357,人文,low,,,32,1
358,人文,low,,,22,1
359,人文,low,,,19,1
[IY31],人文,low,,,14,1
[do31],人文,low,,,9,1
362,人文,low,,,24,1
363,人文,low,,,23,1
364,人文,low,,,31,1
365,人文,low,,,24,1
366,人文,low,,,23,1
367,人文,low,,,37,1
368,人文,low,,,9,1
369,人文,low,,,0,1
367,人文,low,,,20,1
368,人文,low,,,25,1
369,人文,low,,,48,1
370,人文,low,,,14,1
371,人文,low,,,24,1
372,人文,low,,,23,1
373,人文,low,,,57,1
374,人文,low,,,31,1
374,人文,low,,,45,1
375,人文,low,,,23,1
376,人文,low,,,41,1
377,人文,low,,,15,1
378,人文,low,,,69,1
379,人文,low,,,29,1
380,人文,low,,,7,1
381,人文,low,,,3,1
382,人文,low,,,3,1
383,人文,low,,,3,1
384,人文,low,,,3,1
385,人文,low,,,3,1
386,人文,low,,,3,1
387,人文,low,,,4,1
388,人文,low,,,3,1
389,人文,low,,,8,1
390,人文,low,,,7,1
391,人文,low,,,7,1
392,人文,low,,,21,1
393,人文,low,,,32,1
394,人文,low,,,50,1
395,人文,low,,,56,1
396,人文,low,,,45,1
397,人文,low,,,19,1
1,人文,low,,,13,1
2,人文,low,,,29,1
3,人文,low,,,19,1
4,人文,low,,,22,1
5,人文,low,,,13,1
6,人文,low,,,26,1
7,人文,low,,,48,1
8,人文,low,,,19,1
[ŋgo³¹],人文,low,,,30,1
[ndzi⁵⁵],人文,low,,,12,1
[mbur³¹],人文,low,,,15,1
[pʰv³³so³³lo³³],人文,low,,,69,1
[tɕʰuɻ³³],人文,low,,,25,1
[sur⁵⁵],人文,low,,,34,1
[zui³³sər³¹],人文,low,,,16,1
409,人文,low,,,20,1
410,人文,low,,,24,1
411,人文,low,,,8,1
412,人文,low,,,30,1
413,人文,low,,,28,1
414,人文,low,,,34,1
415,人文,low,,,30,1
416,人文,low,,,24,1
417,人文,low,,,100,1
418,人文,low,,,34,1
419,人文,low,,,21,1
420,人文,low,,,15,1
421,人文,low,,,12,1
422,人文,low,,,12,1
423,人文,low,,,34,1
424,人文,low,,,20,1
425,人文,low,,,9,1
426,人文,low,,,14,1
427,人文,low,,,9,1
428,人文,low,,,9,1
429,人文,low,,,49,1
430,人文,low,,,13,1
431,人文,low,,,49,1
432,人文,low,,,59,1
435,人文,low,,,30,1
434,人文,low,,,20,1
433,人文,low,,,32,1
436,人文,low,,,48,1
437,人文,low,,,12,1
438,人文,low,,,18,1
439,人文,low,,,42,1
440,人文,low,,,27,1
441,人文,low,,,18,1
442,人文,low,,,23,1
443,人文,low,,,12,1
444,人文,low,,,26,1
445,人文,low,,,22,1
446,人文,low,,,24,1
447,人文,low,,,30,1
448,人文,low,,,27,1
449,人文,low,,,18,1
天,人文,low,,,3,1
天,人文,low,,,26,1
天,人文,low,,,25,1
夫,人文,low,,,26,1
夫,人文,low,,,26,1
夫,人文,low,,,13,1
1,人文,low,,,22,1
2,人文,low,,,63,1
3,人文,low,,,59,1
4,人文,low,,,42,1
5,人文,low,,,31,1
6,人文,low,,,44,1
7,人文,low,,,37,1
463,人文,low,,,84,1
464,人文,low,,,157,1
465,人文,low,,,39,1
466,人文,low,,,65,1
467,人文,low,,,5,1
468,人文,low,,,23,1
469,人文,low,,,5,1
470,人文,low,,,3,1
471,人文,low,,,6,1
472,人文,low,,,4,1
472,人文,low,,,4,1
473,人文,low,,,7,1
474,人文,low,,,8,1
475,人文,low,,,3,1
337号,人文,low,,,6,1
344号,人文,low,,,4,1
230号,人文,low,,,9,1
472号,人文,low,,,6,1
484,人文,low,,,8,1
485,人文,low,,,5,1
486,人文,low,,,5,1
487,人文,low,,,7,1
488,人文,low,,,2,1
489,人文,low,,,13,1
490,人文,low,,,14,1
491,人文,low,,,19,1
492,人文,low,,,14,1
493,人文,low,,,43,1
494,人文,low,,,95,1
495,人文,low,,,17,1
禾,人文,low,,,81,1
部族名,人文,low,,,137,1
部族名或地名也(即久阿人),人文,low,,,80,1
499,人文,low,,,40,1
500,人文,low,,,189,1
501,人文,low,,,17,1
502,人文,low,,,5,1
503,人文,low,,,7,1
504,人文,low,,,10,1
之一字极,人文,low,,,15,0
[rv55rv33],人文,low,,,63,1
(游玩，流荡),人文,low,,,28,1
[rv55rv33ae31mbur31ts'ui55],人文,low,,,86,1
[rv33mbur33rv33za31],人文,low,,,40,1
508,人文,low,,,4,1
509,人文,low,,,10,1
510,人文,low,,,35,1
ts'o³¹,人文,low,,,17,1
ts'o³¹ze³³rui⁵⁵u³³,人文,low,,,19,1
ts'o³¹ze³³rui⁵⁵u³³,人文,low,,,20,1
ts'o³¹ze³³rui⁵⁵u³³,人文,low,,,8,1
ts'o³¹ze³³rui⁵⁵u³³k'ua³¹,人文,low,,,9,1
512,人文,low,,,28,1
513,人文,low,,,26,1
514,人文,low,,,29,1
515,人文,low,,,5,1
516,人文,low,,,7,1
517,人文,low,,,6,1
519,人文,low,,,54,1
520,人文,low,,,47,1
521,人文,low,,,37,1
522,人文,low,,,50,1
523,人文,low,,,97,1
523,人文,low,,,4,1
524,人文,low,,,7,1
525,人文,low,,,4,1
33,人文,low,,,41,1
55,人文,low,,,71,1
33,人文,low,,,39,1
p55,人文,low,,,19,1
tci33hA31,人文,low,,,26,1
mi33hae31ts'o31dzy33,人文,low,,,93,1
sa33ni55,人文,low,,,67,1
tsur33me33,人文,low,,,61,1
534,人文,low,,,50,1
535,人文,low,,,22,1
536,人文,low,,,43,1
537,人文,low,,,34,1
538,人文,low,,,88,1
539,人文,low,,,39,1
540,人文,low,,,40,1
541,人文,low,,,28,1
542,人文,low,,,9,1
543,人文,low,,,23,1
544,人文,low,,,42,1
545,人文,low,,,46,1
546,人文,low,,,13,1
547,人文,low,,,26,1
545,人文,low,,,34,1
546,人文,low,,,44,1
547,人文,low,,,24,1
548,人文,low,,,24,1
549,人文,low,,,81,1
550,人文,low,,,12,1
551,人文,low,,,4,1
552,人文,low,,,11,1
353,人文,low,,,31,1
534,人文,low,,,59,1
555,人文,low,,,25,1
556,人文,low,,,11,1
1,人文,low,,,9,1
2,人文,low,,,6,1
1,人文,low,,,53,1
2,人文,low,,,55,1
3,人文,low,,,59,1
4,人文,low,,,22,1
5,人文,low,,,55,1
563,人文,low,,,14,1
564,人文,low,,,30,1
565,人文,low,,,10,1
566,人文,low,,,38,1
567,人文,low,,,10,1
568,人文,low,,,14,1
569,人文,low,,,22,1
570,人文,low,,,34,1
571,人体类,low,,,2,1
572,人体类,low,,,5,1
573,人体类,low,,,3,1
574,人体类,low,,,3,1
575,人体类,low,,,3,1
576,人体类,low,,,2,1
577,人体,low,,,10,1
578,人体,low,,,15,1
579,人体,low,,,13,1
580,人体,low,,,12,1
581,人体,low,,,34,1
582,人体,low,,,32,1
583,人体,low,,,25,1
584,人体,low,,,18,1
585,人体,low,,,12,1
586,人体,low,,,10,1
587,人体,low,,,17,1
587,人体,low,,,4,1
588,人体,low,,,3,1
589,人体,low,,,3,1
590,人体,low,,,3,1
591,人体,low,,,3,1
592,人体,low,,,2,1
593,人体,low,,,2,1
594,人体,low,,,2,1
595,人体,low,,,2,1
1,人体,low,,,4,1
2,人体,low,,,2,1
3,人体,low,,,8,1
4,人体,low,,,5,1
5,人体,low,,,3,1
6,人体,low,,,7,1
7,人体,low,,,7,1
8,人体,low,,,10,1
9,人体,low,,,2,1
[guu³¹],人体,low,,,4,1
[tɯi³¹],人体,low,,,2,1
[dzʰi³¹tɯi³¹],人体,low,,,3,1
[rɑr³¹],人体,low,,,3,1
[po³³],人体,low,,,2,1
[hY³¹],人体,low,,,2,1
[tsɯu⁵⁵],人体,low,,,2,1
[tsʰa⁵⁵][tsʰa³¹][tsʰaə³¹],人体,low,,,7,1
610,人体,low,,,2,1
611,人体,low,,,2,1
612,人体,low,,,5,1
613,人体,low,,,6,1
614,人体,low,,,2,1
615,人体,low,,,2,1
616,人体,low,,,3,1
617,人体,low,,,3,1
618,人体,low,,,55,1
619,人体,low,,,21,1
620,人体,low,,,4,1
621,人体,low,,,4,1
622,人体,low,,,34,1
623,人体,low,,,58,1
624,人体,low,,,37,1
625,人体,low,,,25,1
626,人体,low,,,8,1
627,人体,low,,,11,1
628,人体,low,,,9,1
629,人体,low,,,10,1
630,人体,low,,,4,1
631,人体,low,,,20,1
632,人体,low,,,73,1
633,人体,low,,,16,1
633,人体,low,,,14,1
634,人体,low,,,13,1
635,人体,low,,,28,1
636,人体,low,,,33,1
637,人体,low,,,34,1
638,人体,low,,,24,1
639,人体,low,,,38,1
640,人体,low,,,14,1
641,人体,low,,,23,1
642,人体,low,,,45,1
643,人体,low,,,18,1
644,人体,low,,,8,1
645,人体,low,,,7,1
646,人体,low,,,27,1
647,人体,low,,,17,1
648,人体,low,,,3,1
649,人体,low,,,54,1
287,人体,low,,,4,1
33,人体,low,,,3,1
33,人体,low,,,3,1
33,人体,low,,,3,1
55,人体,low,,,9,1
33,人体,low,,,11,1
33,人体,low,,,11,1
33,人体,low,,,5,1
31,人体,low,,,11,1
1,人体,low,,,33,1
2,人体,low,,,42,1
3,人体,low,,,17,1
4,人体,low,,,21,1
5,人体,low,,,18,1
6,人体,low,,,10,1
7,人体,low,,,47,1
8,人体,low,,,14,1
9,人体,low,,,20,1
667,人体,low,,,3,1
668,人体,low,,,3,1
669,人体,low,,,6,1
670,人体,low,,,6,1
671,人体,low,,,5,1
672,人体,low,,,3,1
673,人体,low,,,3,1
674,人体,low,,,3,1
674,人体,low,,,45,1
675,人体,low,,,43,1
676,人体,low,,,26,1
677,人体,low,,,37,1
678,人体,low,,,14,1
679,人体,low,,,22,1
680,人体,low,,,12,1
681,人体,low,,,27,1
682,人体,low,,,114,1
683,人体,low,,,25,1
684,人体,low,,,21,1
584,人体,low,,,6,1
585,人体,low,,,4,1
686,鸟类,low,,,3,1
687,鸟类,low,,,3,1
ndzi31,鸟类,low,,,13,1
688,鸟类,low,,,4,1
689,鸟类,low,,,4,1
690,鸟类,low,,,3,1
1,鸟,low,,,3,1
2,鸟,low,,,2,1
1,鸟,low,,,6,1
2,鸟,low,,,6,1
3,鸟,low,,,5,1
4,鸟,low,,,3,1
5,鸟,low,,,8,1
6,鸟,low,,,3,1
7,鸟,low,,,3,1
[bv³¹],鸟,low,,,22,1
[bʋ³¹],鸟,low,,,20,1
[ɡa³¹],鸟,low,,,85,1
[ɡʌ^{55}],鸟,low,,,13,1
[tsə^{13}],鸟,low,,,8,1
[?a^{55}],鸟,low,,,10,1
[mbei^{33}],鸟,low,,,14,1
[mbae^{33}na^{31}],鸟,low,,,34,1
[mbae^{33}sui^{31}mbae^{33}ruu^{31}me^{33}],鸟,low,,,23,1
[?o^{31}],鸟,low,,,40,1
[le^{33}kəe^{31}],鸟,low,,,31,1
706,鸟,low,,,46,1
707,鸟,low,,,33,1
708,鸟,low,,,4,1
709,鸟,low,,,13,1
710,鸟,low,,,22,1
711,鸟,low,,,52,1
711,鸟,low,,,21,1
712,鸟,low,,,3,1
713,鸟,low,,,4,1
714,鸟,low,,,38,1
715,鸟,low,,,24,1
716,鸟类,low,,,23,1
717,鸟类,low,,,52,1
718,鸟类,low,,,36,1
719,鸟类,low,,,14,1
720,鸟类,low,,,30,1
721,鸟,low,,,2,1
722,鸟,low,,,2,1
723,鸟,low,,,5,1
724,鸟,low,,,3,1
725,鸟,low,,,3,1
[ʂA55],鸟,low,,,26,1
[ɲi33ze55gv33ndza31],鸟,low,,,54,1
[rwa33mae31],鸟,low,,,18,1
1,鸟,low,,,6,1
2,鸟,low,,,4,1
3,鸟,low,,,4,1
4,鸟,low,,,3,1
5,鸟,low,,,2,1
6,鸟,low,,,2,1
[gA31 gO55],鸟,low,,,4,1
[so55],鸟,low,,,4,1
[so55],鸟,low,,,4,1
[pa55],鸟,low,,,9,1
[pa55],鸟,low,,,10,1
[be55 be31],鸟,low,,,8,1
[ndv33],鸟,low,,,3,1
[ndv33],鸟,low,,,5,1
748,鸟,low,,,41,1
744,鸟,low,,,9,1
745,鸟,low,,,12,1
746,鸟,low,,,22,1
747,鸟,low,,,12,1
743,鸟,low,,,12,1
749,鸟,low,,,10,1
750,鸟,low,,,12,1
751,鸟,low,,,9,1
752,鸟,low,,,19,1
753,鸟,low,,,11,1
754,鸟,low,,,57,1
735,鸟,low,,,9,1
736,鸟,low,,,126,1
737,鸟,low,,,27,1
738,鸟,low,,,30,1
756,鸟,low,,,53,1
757,鸟,low,,,47,1
758,鸟,low,,,10,1
759,鸟,low,,,13,1
hY33,兽类昆虫等附,low,,,63,1
la33,兽类昆虫等附,low,,,56,1
162,兽,low,,,1,1
163,兽,low,,,6,1
164,兽,low,,,5,1
165,兽,low,,,2,1
70,兽,low,,,49,1
71,兽,low,,,58,1
72,兽,low,,,10,1
73,兽,low,,,8,1
74,兽,low,,,4,1
75,兽,low,,,18,1
1,兽,low,,,41,1
2,兽,low,,,38,1
3,兽,low,,,24,1
4,兽,low,,,35,1
5,兽,low,,,17,1
6,兽,low,,,8,1
7,兽,low,,,15,1
782,兽,low,,,51,1
783,兽,low,,,13,1
784,兽,low,,,14,1
785,兽,low,,,15,1
786,兽,low,,,54,1
787,兽,low,,,62,1
788,兽,low,,,14,1
789,兽,low,,,16,1
790,兽,low,,,4,1
791,兽,low,,,4,1
792,兽,low,,,4,1
793,兽,low,,,8,1
794,兽,low,,,7,1
795,兽,low,,,4,1
796,兽,low,,,15,1
797,兽,low,,,4,1
798,兽,low,,,16,1
799,兽,low,,,5,1
800,兽,low,,,24,1
801,兽,low,,,32,1
802,兽,low,,,14,1
803,兽,low,,,22,1
804,兽,low,,,38,1
805,兽,low,,,61,1
806,兽,low,,,93,1
807,兽,low,,,79,1
809,兽,low,,,20,1
810,兽,low,,,12,1
811,兽,low,,,13,1
812,兽,low,,,13,1
1,兽,low,,,20,1
2,兽,low,,,14,1
3,兽,low,,,14,1
4,兽,low,,,46,1
5,兽,low,,,58,1
6,兽,low,,,32,1
1,兽,low,,,46,1
2,兽,low,,,49,1
3,兽,low,,,13,1
4,兽,low,,,74,1
5,兽,low,,,6,1
6,兽,low,,,28,1
1,兽,low,,,13,1
2,兽,low,,,51,1
3,兽,low,,,11,1
4,兽,low,,,36,1
5,兽,low,,,32,1
6,兽,low,,,45,1
7,兽,low,,,16,1
832,兽,low,,,49,1
833,兽,low,,,13,1
834,兽,low,,,21,1
835,兽,low,,,23,1
836,兽,low,,,28,1
837,兽,low,,,8,1
838,兽,low,,,4,1
839,兽,low,,,4,1
840,兽,low,,,4,1
841,兽,low,,,5,1
842,兽,low,,,7,1
843,兽,low,,,42,1
844,兽,low,,,15,1
845,兽,low,,,31,1
846,兽,low,,,90,1
847,兽,low,,,17,1
848,兽,low,,,15,1
849,兽,low,,,5,1
850,兽,low,,,17,1
851,兽,low,,,8,1
852,兽,low,,,4,1
853,兽,low,,,3,1
[fʋ55],兽,low,,,16,1
[k'v55],兽,low,,,6,1
[u33hY31la33pur55dzu31],兽,low,,,40,1
[k'wa33],兽,low,,,71,1
[k'wa33],兽,low,,,20,1
[mbur31k'waz.wu33na31tui55],兽,low,,,10,1
[k'wa33he33],兽,low,,,13,1
[IY55he33],兽,low,,,45,1
[kae31],兽,low,,,15,1
[pur55],兽,low,,,44,1
[tsw31],兽,low,,,33,1
[u33],兽,low,,,9,1
[lɑ33u33],兽,low,,,4,1
[so55],兽,low,,,19,1
866,兽,low,,,4,1
867,兽,low,,,5,1
868,兽,low,,,3,1
869,兽,low,,,5,1
870,兽,low,,,6,1
871,兽,low,,,8,1
872,兽,low,,,4,1
873,兽,low,,,3,1
874,兽,low,,,3,1
875,兽,low,,,5,1
876,兽,low,,,3,1
877,兽,low,,,13,1
876,兽,low,,,9,1
877,兽,low,,,17,1
878,兽,low,,,3,1
879,兽,low,,,56,1
880,兽,low,,,59,1
881,兽,low,,,52,1
882,兽,low,,,18,1
883,兽,low,,,8,1
884,兽,low,,,32,1
885,兽,low,,,31,1
886,昆虫之类,low,,,4,1
887,昆虫之类,low,,,4,1
888,兽,low,,,60,1
889,兽,low,,,37,1
890,兽,low,,,57,1
891,兽,low,,,21,1
892,兽,low,,,57,1
893,兽,low,,,21,1
894,兽,low,,,45,1
895,兽,low,,,53,1
896,兽,low,,,49,1
897,兽,low,,,3,1
898,兽,low,,,4,1
899,兽,low,,,18,1
900,兽,low,,,25,1
901,兽,low,,,5,1
902,兽,low,,,63,1
903,兽,low,,,11,1
904,兽,low,,,23,1
905,兽,low,,,12,1
906,兽,low,,,3,1
907,兽,low,,,4,1
908,兽,low,,,19,1
909,兽,low,,,24,1
910,兽,low,,,33,1
911,兽,low,,,15,1
912,兽,low,,,20,1
913,兽,low,,,37,1
914,兽,low,,,23,1
915,兽,low,,,66,1
916,兽,low,,,16,1
917,兽,low,,,7,1
918,兽,low,,,7,1
919,兽,low,,,7,1
920,兽,low,,,18,1
921,兽,low,,,19,1
922,兽,low,,,37,1
923,兽,low,,,61,1
924,兽,low,,,40,1
925,兽,low,,,40,1
926,兽,low,,,20,1
927,兽,low,,,3,1
928,兽,low,,,6,1
929,兽,low,,,3,1
930,植物类,low,,,122,1
931,植物类,low,,,56,1
932,植物类,low,,,29,1
933,植物类,low,,,46,1
934,植物类,low,,,30,1
dza33,植物,low,,,13,1
dzui31,植物,low,,,50,1
pY31sA33,植物,low,,,56,1
pur33,植物,low,,,11,1
gv31,植物,low,,,17,1
sAdzwi31ndzi33kv55,植物,low,,,71,1
941,植物,low,,,3,1
942,植物,low,,,4,1
943,植物,low,,,6,1
944,植物,low,,,7,1
945,植物,low,,,4,1
946,植物,low,,,4,1
947,植物,low,,,4,1
948,植物,low,,,5,1
949,植物,low,,,86,1
950,植物,low,,,33,1
951,植物,low,,,45,1
952,植物,low,,,16,1
953,植物,low,,,13,1
954,植物,low,,,66,1
955,植物,low,,,10,1
956,植物,low,,,4,1
957,植物,low,,,13,1
958,植物,low,,,13,1
959,植物,low,,,4,1
960,植物,low,,,50,1
961,植物,low,,,18,1
962,植物,low,,,20,1
,植物,low,,,19,1
963,植物,low,,,41,1
964,植物,low,,,49,1
965,植物,low,,,25,1
966,植物,low,,,31,1
967,植物,low,,,32,1
968,植物,low,,,28,1
969,植物,low,,,13,1
970,植物,low,,,9,1
971,植物,low,,,5,1
972,植物,low,,,4,1
973,植物,low,,,3,1
974,植物,low,,,10,1
975,植物,low,,,16,1
976,植物,low,,,11,1
977,植物,low,,,22,1
978,植物,low,,,32,1
979,植物,low,,,43,1
980,植物,low,,,14,1
981,植物,low,,,22,1
982,植物,low,,,31,1
983,植物,low,,,26,1
984,植物,low,,,13,1
985,植物,low,,,13,1
986,植物,low,,,44,1
987,植物,low,,,3,1
988,植物,low,,,4,1
989,植物,low,,,24,1
990,植物,low,,,13,1
990,植物,low,,,10,1
991,植物,low,,,4,1
992,植物,low,,,14,1
992,植物,low,,,21,1
993,植物,low,,,63,1
994,植物,low,,,44,1
995,植物,low,,,27,1
996,植物,low,,,60,1
997,植物,low,,,61,1
998,植物,low,,,89,1
999,植物,low,,,19,1
1000,植物,low,,,30,1
1001,植物,low,,,33,1
1002,植物,low,,,43,1
1003,植物,low,,,20,1
1004,植物,low,,,52,1
1005,植物,low,,,48,1
1006,植物,low,,,10,1
1007,植物,low,,,13,1
1008,植物,low,,,119,1
1009,植物,low,,,28,1
1010,植物,low,,,22,1
1011,植物,low,,,81,1
1012,植物,low,,,22,1
1013,植物,low,,,16,1
1014,植物,low,,,22,1
1015,植物,low,,,47,1
1016,植物,low,,,10,1
1017,植物,low,,,23,1
1018,植物,low,,,20,1
1019,植物,low,,,34,1
1020,植物,low,,,90,1
1021,植物,low,,,53,1
1022,植物,low,,,32,1
1023,植物,low,,,31,1
[bur³¹],植物,low,,,24,1
[dzes³³],植物,low,,,54,1
[dzes³³ba³¹],植物,low,,,17,1
[hwa⁵⁵],植物,low,,,31,1
[muu³³dzes³³],植物,low,,,27,1
[zuo³³],植物,low,,,44,1
1030,植物,low,,,25,1
1031,植物,low,,,20,1
1032,植物,low,,,34,1
1033,植物,low,,,38,1
1034,植物,low,,,51,1
1035,植物,low,,,14,1
1036,植物,low,,,36,1
1037,植物,low,,,2,1
1038,植物,low,,,4,1
1039,植物,low,,,2,1
1040,植物,low,,,2,1
1041,植物,low,,,2,1
1042,植物,low,,,4,1
1041,植物,low,,,28,1
1042,植物,low,,,46,1
1043,植物,low,,,40,1
1044,植物,low,,,18,1
1045,植物,low,,,18,1
1046,植物,low,,,28,1
1047,植物,low,,,9,1
1048,植物,low,,,2,1
1049,植物,low,,,2,1
1050,植物,low,,,7,1
1051,植物,low,,,2,1
1052,植物,low,,,3,1
1053,植物,low,,,5,1
1054,植物,low,,,4,1
1055,植物,low,,,4,1
1056,植物,low,,,4,1
1057,植物,low,,,20,1
1058,植物,low,,,18,1
1059,植物,low,,,20,1
1060,植物,low,,,51,1
1061,植物,low,,,44,1
1062,植物,low,,,27,1
1063,植物,low,,,4,1
1064,植物,low,,,54,1
1065,植物,low,,,25,1
[iA33],植物,low,,,22,1
[iA31],植物,low,,,30,1
[iA55],植物,low,,,8,1
[iaE31],植物,low,,,29,1
[iA31pe31],植物,low,,,4,1
[muu55],植物,low,,,3,1
[muu55swu31la33ho31],植物,low,,,6,1
[muu55k‘u33],植物,low,,,4,1
1073,植物,low,,,17,1
1074,植物,low,,,101,1
1075,植物,low,,,26,1
1076,植物,low,,,12,1
1077,植物,low,,,41,1
1078,植物,low,,,8,1
1079,植物,low,,,14,1
1080,植物,low,,,4,1
未知,植物,low,,,16,1
1081,用具类,low,,,4,1
1082,用具类,low,,,7,1
1083,用具类,low,,,7,1
1084,用具类,low,,,4,1
1085,用具类,low,,,7,1
1086,用具类,low,,,27,1
1087,用具,low,,,19,1
1088,用具,low,,,4,1
1089,用具,low,,,13,1
1090,用具,low,,,41,1
1091,用具,low,,,17,1
1092,用具,low,,,56,1
1093,用具,low,,,58,1
1094,用具,low,,,3,1
1095,用具,low,,,23,1
1096,用具,low,,,25,1
1097,用具,low,,,28,1
1098,用具,low,,,8,1
1099,用具,low,,,63,1
1100,用具,low,,,26,1
1101,用具,low,,,20,1
1102,用具,low,,,12,1
1103,用具,low,,,32,1
1104,用具,low,,,24,1
1105,用具,low,,,20,1
1106,用具,low,,,23,1
1107,用具,low,,,21,1
1108,用具,low,,,23,1
1109,用具,low,,,5,1
1110,用具,low,,,29,1
1111,用具,low,,,95,1
1112,用具,low,,,25,1
1113,用具,low,,,32,1
1114,用具,low,,,24,1
1115,用具,low,,,28,1
1116,用具,low,,,4,1
1117,用具,low,,,5,1
1118,用具,low,,,4,1
1119,用具,low,,,3,1
1120,用具,low,,,8,1
1121,用具,low,,,16,1
1122,用具,low,,,10,1
1123,用具,low,,,29,1
1124,用具,low,,,12,1
1125,用具,low,,,18,1
1126,用具,low,,,18,1
1127,用具,low,,,31,1
1128,用具,low,,,10,1
1129,纳西族象形标音文字字典·用具,low,,,13,1
1130,纳西族象形标音文字字典·用具,low,,,14,1
1131,纳西族象形标音文字字典·用具,low,,,13,1
1132,纳西族象形标音文字字典·用具,low,,,14,1
1133,纳西族象形标音文字字典·用具,low,,,43,1
1134,纳西族象形标音文字字典·用具,low,,,22,1
1135,纳西族象形标音文字字典·用具,low,,,19,1
1136,纳西族象形标音文字字典·用具,low,,,25,0
1137,纳西族象形标音文字字典·用具,low,,,24,1
1138,纳西族象形标音文字字典·用具,low,,,23,1
1139,纳西族象形标音文字字典·用具,low,,,38,0
1134,用具,low,,,27,1
1135,用具,low,,,15,1
1136,用具,low,,,22,1
1137,用具,low,,,13,1
1138,用具,low,,,25,1
1139,用具,low,,,44,1
1140,用具,low,,,68,1
1141,用具,low,,,19,1
1142,用具,low,,,23,1
1143,用具,low,,,18,1
1142,纳西族象形标音文字字典·用具,low,,,8,1
1143,纳西族象形标音文字字典·用具,low,,,30,1
1144,纳西族象形标音文字字典·用具,low,,,32,1
1145,纳西族象形标音文字字典·用具,low,,,13,1
1146,纳西族象形标音文字字典·用具,low,,,32,1
1147,纳西族象形标音文字字典·用具,low,,,27,1
1148,纳西族象形标音文字字典·用具,low,,,73,1
1149,纳西族象形标音文字字典·用具,low,,,30,1
1150,纳西族象形标音文字字典·用具,low,,,30,1
1151,用具,low,,,7,1
1152,用具,low,,,4,1
1153,用具,low,,,7,1
1154,用具,low,,,4,1
1155,用具,low,,,6,1
1156,用具,low,,,3,1
1157,用具,low,,,4,1
1158,用具,low,,,3,1
1159,用具,low,,,86,1
1160,用具,low,,,23,1
1161,用具,low,,,21,1
1162,用具,low,,,26,1
1163,用具,low,,,41,1
1164,用具,low,,,28,1
1164,用具,low,,,31,1
1165,用具,low,,,31,1
1166,用具,low,,,15,1
,,low,,,0,1
,,low,,,0,1
,,low,,,0,1
1167,用具,low,,,12,1
1168,用具,low,,,24,1
1169,用具,low,,,19,1
1170,纳西族象形标音文字字典·用具,low,,,6,1
1171,纳西族象形标音文字字典·用具,low,,,10,1
1172,纳西族象形标音文字字典·用具,low,,,3,1
1173,纳西族象形标音文字字典·用具,low,,,60,1
1174,纳西族象形标音文字字典·用具,low,,,21,1
1175,纳西族象形标音文字字典·用具,low,,,35,1
1176,纳西族象形标音文字字典·用具,low,,,7,1
1177,用具,low,,,3,1
1178,用具,low,,,2,1
1179,用具,low,,,3,1
1180,用具,low,,,3,1
1181,用具,low,,,7,1
1182,用具,low,,,3,1
1183,用具,low,,,12,1
1184,用具,low,,,5,1
1185,用具,low,,,19,1
1186,用具,low,,,165,1
1187,用具,low,,,104,1
1188,用具,low,,,86,1
1189,用具,low,,,33,1
1190,用具,low,,,95,1
1191,用具,low,,,44,1
1192,用具,low,,,45,1
1,用具,low,,,69,1
2,用具,low,,,8,1
3,用具,low,,,9,1
4,用具,low,,,20,1
5,用具,low,,,20,1
6,用具,low,,,17,1
7,用具,low,,,27,1
8,用具,low,,,15,1
9,用具,low,,,24,1
10,用具,low,,,16,1
1,用具,low,,,8,1
2,用具,low,,,17,1
3,用具,low,,,56,1
4,用具,low,,,20,1
5,用具,low,,,23,1
6,用具,low,,,8,1
7,用具,low,,,38,1
8,用具,low,,,4,1
9,用具,low,,,21,1
10,用具,low,,,12,1
11,用具,low,,,8,1
1211,用具,low,,,3,1
1212,用具,low,,,3,1
1213,用具,low,,,5,1
1214,地理类,low,,,3,1
1215,用具,low,,,3,1
1216,用具,low,,,7,1
1217,用具,low,,,3,1
1218,用具,low,,,3,1
1219,用具,low,,,2,1
1220,用具,low,,,66,1
1221,用具,low,,,10,1
1222,用具,low,,,19,1
1223,用具,low,,,21,1
1224,用具,low,,,9,1
1225,用具,low,,,31,1
1226,用具,low,,,33,1
1227,用具,low,,,15,1
1228,用具,low,,,34,1
1229,用具,low,,,17,1
1230,用具,low,,,4,1
1231,用具,low,,,50,1
1232,用具,low,,,56,1
1233,用具,low,,,5,1
1234,用具,low,,,18,1
1235,用具,low,,,26,1
1236,用具,low,,,8,1
1237,用具,low,,,17,1
1237,用具,low,,,28,1
1238,用具,low,,,13,1
1239,用具,low,,,4,1
1240,用具,low,,,40,1
1241,用具,low,,,23,1
1242,用具,low,,,23,1
1243,用具,low,,,23,1
1244,用具,low,,,4,1
1245,用具,low,,,4,1
1246,用具,low,,,4,1
1247,用具,low,,,14,1
1246,用具,low,,,7,1
1247,用具,low,,,12,1
1247,用具,low,,,29,1
1248,用具,low,,,33,1
1249,用具,low,,,20,1
1249,用具,low,,,10,1
1250,用具,low,,,18,1
1251,用具,low,,,12,1
1252,用具,low,,,20,1
1253,用具,low,,,8,1
1254,用具,low,,,4,1
1255,用具,low,,,15,1
1236,用具,low,,,4,1
1237,用具,low,,,23,1
1238,用具,low,,,3,1
1259,用具,low,,,5,1
1260,用具,low,,,4,1
[k'wa55],饮食类,low,,,3,1
[k'wa31],饮食类,low,,,3,1
[pa55],饮食类,low,,,4,1
[pa55],饮食类,low,,,4,1
[de33],饮食类,low,,,5,1
[de33],饮食类,low,,,4,1
1270,饮食,low,,,56,1
1271,饮食,low,,,27,1
1272,饮食,low,,,37,1
1273,饮食,low,,,17,1
1274,饮食,low,,,5,1
1275,饮食,low,,,4,1
1276,饮食,low,,,4,1
1277,饮食,low,,,9,1
1278,饮食,low,,,12,1
1279,饮食,low,,,4,1
1280,饮食,low,,,13,1
1281,饮食,low,,,11,1
1282,饮食,low,,,101,1
1283,饮食,low,,,13,1
1284,饮食,low,,,16,1
1285,饮食,low,,,21,1
1286,饮食,low,,,18,1
1287,饮食,low,,,25,1
1288,饮食,low,,,66,1
1289,饮食,low,,,29,1
1290,饮食,low,,,66,1
1291,饮食,low,,,20,1
1292,饮食,low,,,18,1
1293,饮食,low,,,16,1
1294,饮食类,low,,,91,1
1295,饮食类,low,,,11,1
1296,饮食类,low,,,14,1
1297,饮食类,low,,,10,1
1298,饮食类,low,,,27,1
1299,饮食类,low,,,19,1
1300,饮食类,low,,,41,1
1301,饮食类,low,,,34,1
1,饮食,low,,,29,1
2,饮食,low,,,48,1
3,饮食,low,,,82,1
4,饮食,low,,,4,1
5,饮食,low,,,4,1
6,饮食,low,,,5,1
7,饮食,low,,,36,1
8,饮食,low,,,18,1
[ma31],饮食,low,,,4,1
[madzAr55],饮食,low,,,6,1
[ma55],饮食,low,,,4,1
[t'v55],饮食,low,,,4,1
[t'v55],饮食,low,,,4,1
[zwa33k'wa33dwi33t'v55],饮食,low,,,9,1
[t'v55tgi33],饮食,low,,,6,1
234,饮食,low,,,14,1
235,饮食,low,,,57,1
236,饮食,low,,,40,1
237,饮食,low,,,16,1
238,饮食,low,,,18,1
239,饮食,low,,,18,1
240,饮食,low,,,38,1
241,饮食,low,,,12,1
242,饮食,low,,,31,1
243,饮食,low,,,35,1
1332,饮食,low,,,18,1
1333,饮食,low,,,25,1
1334,饮食,low,,,30,1
1335,饮食,low,,,26,1
1336,饮食,low,,,29,1
1337,饮食,low,,,51,1
1338,饮食,low,,,13,1
1339,饮食,low,,,33,1
1340,饮食,low,,,17,1
1341,饮食,low,,,19,1
1342,饮食,low,,,19,1
1343,饮食,low,,,4,1
1344,饮食,low,,,9,1
1345,饮食,low,,,8,1
1346,饮食,low,,,32,1
1347,饮食,low,,,12,1
1348,饮食,low,,,10,1
1349,饮食,low,,,19,1
1350,饮食,low,,,19,1
1351,饮食,low,,,11,1
1352,饮食,low,,,41,1
1350,饮食,low,,,18,1
1351,饮食,low,,,38,1
1352,饮食,low,,,70,1
1353,饮食,low,,,20,1
1354,饮食,low,,,47,1
1355,饮食,low,,,95,1
kwa31,饮食,low,,,7,1
mi33,饮食,low,,,16,1
tsA33,饮食,low,,,12,1
mu31,饮食,low,,,22,1
mi33ci55,饮食,low,,,14,1
1,饮食,low,,,4,1
2,饮食,low,,,12,1
3,饮食,low,,,13,1
4,饮食,low,,,18,1
5,饮食,low,,,12,1
6,饮食,low,,,25,1
7,饮食,low,,,16,1
8,饮食,low,,,19,1
9,饮食,low,,,22,1
10,饮食,low,,,22,1
1371,饮食,low,,,10,1
1372,饮食,low,,,7,1
1373,饮食,low,,,5,1
1374,饮食,low,,,4,1
1375,饮食,low,,,15,1
1376,饮食,low,,,3,1
1377,衣饰类,low,,,57,1
1378,衣饰类,low,,,28,1
1379,衣饰类,low,,,19,1
1380,衣饰类,low,,,48,1
1381,衣饰类,low,,,35,1
1382,衣饰类,low,,,22,1
1383,衣饰类,low,,,19,1
1384,衣饰,low,,,3,1
1385,衣饰,low,,,3,1
1386,衣饰,low,,,3,1
1387,衣饰,low,,,6,1
1388,衣饰,low,,,3,1
1389,衣饰,low,,,4,1
1390,衣饰,low,,,11,1
1391,服饰,low,,,15,1
1392,服饰,low,,,16,1
1393,服饰,low,,,27,1
1394,服饰,low,,,4,1
1395,服饰,low,,,4,1
1396,服饰,low,,,15,1
1397,服饰,low,,,6,1
1398,服饰,low,,,30,1
1399,服饰,low,,,29,1
1400,服饰,low,,,30,1
1401,服饰,low,,,5,1
1402,服饰,low,,,30,1
1403,服饰,low,,,12,1
1404,服饰,low,,,30,1
1405,服饰,low,,,28,1
1406,服饰,low,,,10,1
1405,服饰,low,,,22,1
1407,服饰,low,,,23,1
1408,服饰,low,,,19,1
1409,服饰,low,,,22,1
1410,服饰,low,,,28,1
1411,服饰,low,,,49,1
1412,服饰,low,,,9,1
1413,服饰,low,,,8,1
1,服饰,low,,,3,1
2,服饰,low,,,3,1
3,服饰,low,,,2,1
4,服饰,low,,,2,1
5,服饰,low,,,3,1
6,服饰,low,,,2,1
1419,服饰,low,,,20,1
1420,服饰,low,,,29,1
1421,服饰,low,,,7,1
1422,服饰,low,,,9,1
1423,服饰,low,,,27,1
1424,服饰,low,,,4,1
1425,服饰,low,,,15,1
1426,服饰,low,,,10,1
1427,服饰,low,,,4,1
1428,衣饰,low,,,19,1
1429,衣饰,low,,,91,1
1430,衣饰,low,,,81,1
1431,衣饰,low,,,21,1
1432,衣饰,low,,,16,1
1433,衣饰,low,,,19,1
1434,衣饰,low,,,58,1
1435,衣饰,low,,,58,1
1436,衣饰,low,,,33,1
1437,衣饰,low,,,38,1
1438,衣饰,low,,,38,1
1439,衣饰,low,,,3,1
1440,服饰,low,,,4,1
1441,服饰,low,,,2,1
1442,服饰,low,,,2,1
1443,衣饰,low,,,21,1
1444,衣饰,low,,,42,1
1445,衣饰,low,,,145,1
1446,衣饰,low,,,50,1
1447,衣饰,low,,,18,1
[co33rwa31],服饰,low,,,20,1
[ts'o31],服饰,low,,,36,1
[ts'o55],服饰,low,,,17,1
[ts'o31rv33],服饰,low,,,20,1
[ts'o31na55k'u33ts'w33ts'w33],服饰,low,,,19,1
piA33,服饰,low,,,42,1
bae31mae33,服饰,low,,,19,1
zA33bae31,服饰,low,,,11,1
1454,武器类,low,,,23,1
1455,武器类,low,,,71,1
1456,武器类,low,,,12,1
1457,武器类,low,,,15,1
1458,武器类,low,,,12,1
1459,武器类,low,,,24,1
1460,武器类,low,,,18,1
1461,武器类,low,,,64,1
1,武器,low,,,35,1
2,武器,low,,,12,1
3,武器,low,,,4,1
4,武器,low,,,31,1
5,武器,low,,,23,1
6,武器,low,,,5,1
7,武器,low,,,16,1
8,武器,low,,,39,1
9,天文类,low,,,27,1
10,武器,low,,,9,1
1472,武器,low,,,4,1
1473,武器,low,,,9,1
1474,武器,low,,,4,1
1475,武器,low,,,9,1
1476,武器,low,,,20,1
1477,武器,low,,,24,1
1478,武器,low,,,32,1
1479,武器,low,,,12,1
1480,武器,low,,,17,1
1481,武器,low,,,12,1
1482,武器,low,,,5,1
1483,武器,low,,,33,1
1479,纳西族象形标音文字字典·武器,low,,,6,1
1480,纳西族象形标音文字字典·武器,low,,,17,1
1481,纳西族象形标音文字字典·武器,low,,,93,1
1482,纳西族象形标音文字字典·武器,low,,,15,1
1483,武器,low,,,47,1
1484,武器,low,,,12,1
1485,武器,low,,,22,1
1485,武器,low,,,49,1
1486,武器,low,,,16,1
1487,武器,low,,,25,1
1487,武器,low,,,11,1
1488,武器,low,,,55,1
1489,武器,low,,,13,1
1490,武器,low,,,6,1
1491,武器,low,,,35,1
1492,武器,low,,,3,1
1493,武器,low,,,11,1
1494,武器,low,,,61,1
1495,武器,low,,,18,1
1496,武器,low,,,12,1
1497,武器,low,,,47,1
1498,武器,low,,,23,1
1499,武器,low,,,51,1
1500,武器,low,,,41,1
1501,武器,low,,,26,1
1502,武器,low,,,16,1
1503,武器,low,,,20,1
1504,武器,low,,,11,1
1505,武器,low,,,70,1
1506,武器,low,,,28,1
1507,武器,low,,,44,1
1508,武器,low,,,38,1
1509,武器,low,,,4,1
[k'wa55],武器,low,,,30,1
[ŋɡa31],武器,low,,,30,1
[la31pa55la31mbae33],武器,low,,,5,1
[la31mbae33],武器,low,,,25,1
[mo33kwe31],武器,low,,,15,1
[la31tsʰur55],武器,low,,,17,1
1512,建筑、数目、动作之类,low,,,18,1
1513,建筑、数目、动作之类,low,,,29,1
1514,建筑、数目、动作之类,low,,,21,1
1515,建筑、数目、动作之类,low,,,30,1
1516,建筑、数目、动作之类,low,,,36,1
1517,建筑、数目、动作之类,low,,,72,1
1518,建筑数目动作等,low,,,33,1
1519,建筑数目动作等,low,,,27,1
1520,建筑数目动作等,low,,,34,1
1521,建筑数目动作等,low,,,26,1
1522,建筑数目动作等,low,,,40,1
1523,建筑数目动作等,low,,,41,1
1524,建筑数目动作等,low,,,17,1
1.925,建筑数目动作等,low,,,4,1
1526,建筑数目动作等,low,,,10,1
1527,建筑数目动作等,low,,,21,1
1528,建筑数目动作等,low,,,55,1
1529,建筑数目动作等,low,,,21,1
1530,建筑数目动作等,low,,,41,1
1531,建筑数目动作等,low,,,15,1
1,建筑数目动作等,low,,,44,1
2,建筑数目动作等,low,,,12,1
3,建筑数目动作等,low,,,74,1
7,建筑数目动作等,low,,,19,1
77,建筑数目动作等,low,,,42,1
177,建筑数目动作等,low,,,16,1
1771,建筑数目动作等,low,,,3,1
17711,建筑数目动作等,low,,,30,1
17717,建筑数目动作等,low,,,3,1
1340,建筑数目动作用等,low,,,11,1
1341,建筑数目动作用等,low,,,11,1
1342,建筑数目动作用等,low,,,3,1
1343,建筑数目动作用等,low,,,3,1
1344,建筑数目动作用等,low,,,22,1
1345,建筑数目动作用等,low,,,34,1
1346,建筑数目动作用等,low,,,21,1
1347,建筑数目动作用等,low,,,17,1
XXX,建筑数目动作等,low,,,14,1
*,建筑数目动作等,low,,,17,1
* *,建筑数目动作等,low,,,58,1
* * *,建筑数目动作等,low,,,31,1
田,建筑数目动作等,low,,,38,1
一,纳西族象形标音文字字典·建筑数目动作等,low,,,30,1
三,纳西族象形标音文字字典·建筑数目动作等,low,,,23,1
十,纳西族象形标音文字字典·建筑数目动作等,low,,,61,1
绕,纳西族象形标音文字字典·建筑数目动作等,low,,,19,1
环,纳西族象形标音文字字典·建筑数目动作等,low,,,21,1
乱,纳西族象形标音文字字典·建筑数目动作等,low,,,45,1
团,纳西族象形标音文字字典·建筑数目动作等,low,,,28,1
1560,建筑数目动作用等,low,,,40,1
1561,建筑数目动作用等,low,,,33,1
1562,建筑数目动作用等,low,,,20,1
1563,建筑数目动作用等,low,,,12,1
1564,建筑数目动作用等,low,,,14,1
1565,建筑数目动作用等,low,,,11,1
1566,建筑数目动作用等,low,,,6,1
1567,建筑数目动作用等,low,,,4,1
1568,建筑数目动作用等,low,,,8,1
1569,建筑数目动作用等,low,,,22,1
1570,建筑数目动作用等,low,,,10,1
1571,建筑数目动作用等,low,,,29,1
1572,建筑数目动作用等,low,,,16,1
1582,建筑数目动作者,low,,,6,1
1583,建筑数目动作者,low,,,4,1
1584,建筑数目动作者,low,,,10,1
1585,建筑数目动作者,low,,,23,1
1586,建筑数目动作者,low,,,14,1
1587,建筑数目动作者,low,,,29,1
1588,建筑数目动作者,low,,,29,1
1589,建筑数目动作者,low,,,4,1
1590,建筑数目动作者,low,,,24,1
1591,建筑数目动作等,low,,,3,1
1592,建筑数目动作等,low,,,4,1
1593,建筑数目动作等,low,,,7,1
1594,建筑数目动作等,low,,,3,1
1595,建筑数目动作等,low,,,3,1
1596,建筑数目动作等,low,,,3,1
1597,建筑数目动作等,low,,,3,1
1598,建筑数目动作等,low,,,9,1
1,天文类,low,,,38,1
2,文字类,low,,,18,1
3,词汇类,low,,,20,1
4,词汇类,low,,,19,1
5,词汇类,low,,,19,1
6,物品类,low,,,54,1
1,建筑数目动作等,low,,,8,1
2,建筑数目动作等,low,,,4,1
3,建筑数目动作等,low,,,10,1
4,建筑数目动作等,low,,,4,1
5,建筑数目动作等,low,,,3,1
6,建筑数目动作等,low,,,12,1
7,建筑数目动作等,low,,,4,1
1611,建筑数目动作等,low,,,4,1
1612,建筑数目动作等,low,,,4,1
1613,建筑数目动作等,low,,,3,1
1614,建筑数目动作等,low,,,4,1
1615,建筑数目动作等,low,,,6,1
1616,纳西族象形标音文字字典·建筑数目动作等,low,,,22,1
1617,纳西族象形标音文字字典·建筑数目动作等,low,,,29,1
1618,纳西族象形标音文字字典·建筑数目动作等,low,,,6,1
1619,纳西族象形标音文字字典·建筑数目动作等,low,,,52,1
1620,纳西族象形标音文字字典·建筑数目动作等,low,,,21,1
1621,纳西族象形标音文字字典·建筑数目动作等,low,,,19,1
1622,纳西族象形标音文字字典·建筑数目动作等,low,,,9,1
1622,建筑数目动作等,low,,,19,1
1623,建筑数目动作等,low,,,20,1
1624,建筑数目动作等,low,,,4,1
1625,建筑数目动作等,low,,,24,1
1626,建筑数目动作等,low,,,14,1
1627,建筑数目动作等,low,,,25,1
1628,建筑数目动作等,low,,,25,1
洛吉,若喀字类,low,,,3,1
俄亚,若喀字类,low,,,3,1
苏支,若喀字类,low,,,3,1
药迷(油米),若喀字类,low,,,3,1
上下海罗,若喀字类,low,,,3,1
纳西语,若喀字类,low,,,2,1
象形文字,若喀字类,low,,,4,1
丽江,若喀字类,low,,,2,1
鲁甸,若喀字类,low,,,2,1
永宁,若喀字类,low,,,2,1
木里,若喀字类,low,,,2,1
若喀,若喀字类,low,,,11,1
1629,若喀字,low,,,17,1
1630,若喀字,low,,,13,1
1631,若喀字,low,,,11,1
1632,若喀字,low,,,13,1
1633,若喀字,low,,,13,1
1634,若喀字,low,,,23,1
1635,若喀字,low,,,15,1
1636,若喀字,low,,,10,1
1637,若喀字,low,,,16,1
1638,若喀字,low,,,10,1
1639,若喀字,low,,,21,1
1640,纳西族象形标音文字字典·若喀字,low,,,25,1
1641,纳西族象形标音文字字典·若喀字,low,,,9,1
1642,纳西族象形标音文字字典·若喀字,low,,,47,1
1643,纳西族象形标音文字字典·若喀字,low,,,13,1
1644,纳西族象形标音文字字典·若喀字,low,,,13,1
1645,纳西族象形标音文字字典·若喀字,low,,,9,1
1646,纳西族象形标音文字字典·若喀字,low,,,9,1
1647,纳西族象形标音文字字典·若喀字,low,,,13,1
1648,纳西族象形标音文字字典·若喀字,low,,,29,1
1649,纳西族象形标音文字字典·若喀字,low,,,31,1
1650,纳西族象形标音文字字典·若喀字,low,,,6,1
1651,纳西族象形标音文字字典·若喀字,low,,,19,1
[tse³¹],若喀字,low,,,37,1
[hɔ³³],若喀字,low,,,8,1
[kʰo³³],若喀字,low,,,16,1
[po³³],若喀字,low,,,11,1
[ŋəge³¹],若喀字,low,,,12,1
[ndz_Ar³¹],若喀字,low,,,18,1
[kv³³kʰa³³],若喀字,low,,,12,1
[mi³³mae³³],若喀字,low,,,13,1
[tsʰv⁵⁵],若喀字,low,,,22,1
[?o⁵⁵],若喀字,low,,,28,1
[kʌ⁵⁵],若喀字,low,,,24,1
[ŋyv³¹pʻur³¹mi³³tʰv³¹tsu⁵⁵],若喀字,low,,,31,1
1,纳西族象形标音文字字典·若喀字,low,,,3,1
2,纳西族象形标音文字字典·若喀字,low,,,7,1
3,纳西族象形标音文字字典·若喀字,low,,,15,1
4,纳西族象形标音文字字典·若喀字,low,,,13,1
5,纳西族象形标音文字字典·若喀字,low,,,11,1
6,纳西族象形标音文字字典·若喀字,low,,,37,1
7,纳西族象形标音文字字典·若喀字,low,,,26,1
8,纳西族象形标音文字字典·若喀字,low,,,36,1
9,纳西族象形标音文字字典·若喀字,low,,,12,1
10,纳西族象形标音文字字典·若喀字,low,,,16,1
11,纳西族象形标音文字字典·若喀字,low,,,28,1
12,纳西族象形标音文字字典·若喀字,low,,,22,1
1,,low,,,24,1
2,,low,,,28,1
3,,low,,,17,1
4,,low,,,5,1
5,,low,,,26,1
6,,low,,,13,1
1679,,low,,,35,1
1680,,low,,,30,1
1681,,low,,,26,1
1682,,low,,,60,1
1683,,low,,,20,1
1684,,low,,,10,1
1685,,low,,,0,1
1686,藏语音字,low,,,34,1
1687,藏语音字,low,,,20,1
1688,藏语音字,low,,,21,1
1689,藏语音字,low,,,26,1
1690,藏语音字,low,,,17,1
1691,藏语音字,low,,,17,1
1692,,low,,,0,1
1693,,low,,,0,1
1694,,low,,,0,1
1695,,low,,,0,1
1696,,low,,,0,1
1697,,low,,,0,1
1698,,low,,,0,1
1700,,low,,,0,1
1701,,low,,,0,1
1702,,low,,,0,1
1703,,low,,,0,1
1704,,low,,,0,1
[ŋv̥ʰ53],,low,,,18,1
[ŋa13],,low,,,19,1
[pʰvr53],,low,,,21,1
[tsʸY53],,low,,,23,1
[?Ya31],,low,,,20,1
[dza~31](?),,low,,,20,1
1711,宗教类,low,,,55,0
1712,宗教类,low,,,84,1
1713,宗教类,low,,,28,1
1714,宗教类,low,,,34,1
715,宗教,low,,,48,1
716,宗教,low,,,48,1
717,宗教,low,,,18,1
718,宗教,low,,,6,1
719,宗教,low,,,30,1
720,宗教,low,,,25,1
721,宗教,low,,,37,1
1721,宗教,low,,,33,1
1722,宗教,low,,,13,1
1723,宗教,low,,,35,1
1724,宗教,low,,,39,1
1725,宗教,low,,,33,1
1726,宗教,low,,,15,1
1727,宗教,low,,,3,1
,宗教,low,,,5,1
,宗教,low,,,14,1
1728,宗教,low,,,58,1
,宗教,low,,,21,1
1729,宗教,low,,,39,1
,宗教,low,,,0,1
1730,宗教,low,,,14,1
1731,宗教,low,,,27,1
1732,宗教,low,,,31,1
1733,宗教,low,,,65,1
1734,宗教,low,,,41,1
1735,宗教,low,,,35,1
1736,宗教,low,,,44,1
1737,宗教,low,,,38,1
1738,植物类,low,,,11,1
1739,植物类,low,,,25,1
1740,器物类,low,,,27,1
1741,器物类,low,,,53,1
1742,建筑类,low,,,44,1
1743,植物类,low,,,89,1
1,宗教,low,,,29,1
2,宗教,low,,,31,1
3,宗教,low,,,46,1
4,宗教,low,,,22,1
5,宗教,low,,,43,1
6,宗教,low,,,52,1
7,宗教,low,,,17,1
1,宗教,low,,,24,1
2,宗教,low,,,47,1
3,宗教,low,,,71,1
4,宗教,low,,,4,1
5,宗教,low,,,22,1
6,宗教,low,,,65,1
1755,宗教,low,,,5,1
1756,宗教,low,,,5,1
1757,宗教,low,,,6,1
1758,宗教,low,,,4,1
1759,宗教,low,,,4,1
1760,宗教,low,,,8,1
1760,宗教,low,,,4,1
1761,宗教,low,,,13,1
1762,宗教,low,,,23,1
1763,宗教,low,,,15,1
1764,宗教,low,,,17,1
1765,宗教,low,,,13,1
1766,宗教,low,,,41,1
1767,宗教,low,,,13,1
1768,宗教,low,,,13,1
1769,宗教,low,,,18,1
1770,宗教,low,,,15,1
1769,宗教,low,,,4,1
1770,宗教,low,,,13,1
1771,宗教,low,,,25,1
1772,宗教,low,,,28,1
1773,宗教,low,,,12,1
1774,宗教,low,,,19,1
1,宗教,low,,,14,1
2,宗教,low,,,18,1
3,宗教,low,,,15,1
4,宗教,low,,,40,1
5,宗教,low,,,25,1
6,宗教,low,,,17,1
1780(2),宗教,low,,,39,1
1781,宗教,low,,,49,1
1782,宗教,low,,,18,1
1783,宗教,low,,,52,1
,宗教,low,,,20,1
1784,宗教,low,,,15,1
1785,宗教,low,,,8,1
1786,宗教,low,,,12,1
1787,宗教,low,,,26,1
1788,宗教,low,,,34,1
1789,宗教,low,,,45,1
1790,宗教,low,,,36,1
1791,宗教,low,,,37,1
1,宗教,low,,,37,1
2,宗教,low,,,37,1
3,宗教,low,,,29,1
4,宗教,low,,,26,1
5,宗教,low,,,30,1
6,宗教,low,,,27,1
7,宗教,low,,,25,1
鬼,宗教,low,,,28,1
,宗教,low,,,17,1
,宗教,low,,,31,1
,宗教,low,,,20,1
,宗教,low,,,15,1
,宗教,low,,,20,1
,宗教,low,,,34,1
,宗教,low,,,29,1
1805,鬼怪类,low,,,28,1
1806,鬼怪类,low,,,25,1
1807,鬼怪类,low,,,27,1
1808,鬼怪类,low,,,12,1
1809,鬼怪类,low,,,5,1
1810,鬼怪类,low,,,22,1
1811,鬼怪,low,,,37,1
1812,鬼怪,low,,,43,1
1813,鬼怪,low,,,28,1
1814,鬼怪,low,,,14,1
1815,鬼怪,low,,,16,1
1816,鬼怪,low,,,35,1
1817,鬼怪,low,,,23,1
1818,鬼怪,low,,,24,1
1819,鬼怪,low,,,14,1
1820,鬼怪,low,,,20,1
1821,鬼怪,low,,,22,1
1822,鬼怪,low,,,30,1
1823,鬼怪,low,,,29,1
1824,鬼怪,low,,,7,1
1825,鬼怪,low,,,25,1
1826,鬼怪,low,,,26,1
1827,鬼怪,low,,,14,1
1828,鬼怪,low,,,33,1
1829,鬼怪,low,,,31,1
1830,鬼怪,low,,,53,1
1831,鬼怪,low,,,20,1
183,鬼怪,low,,,29,1
183,鬼怪,low,,,8,1
184,鬼怪,low,,,27,1
185,鬼怪,low,,,21,1
186,鬼怪,low,,,18,1
187,鬼怪,low,,,19,1
188,鬼怪,low,,,8,1
1839,鬼怪,low,,,9,1
1840,鬼怪,low,,,9,1
1841,鬼怪,low,,,9,1
1842,鬼怪,low,,,9,1
1843,鬼怪,low,,,27,1
1844,鬼怪,low,,,9,1
1845,鬼怪,low,,,24,1
1846,鬼怪,low,,,27,1
1847,鬼怪,low,,,27,1
1850,鬼怪,low,,,14,1
1851,鬼怪,low,,,45,1
1852,鬼怪,low,,,22,1
1853,鬼怪,low,,,24,1
1854,鬼怪,low,,,31,1
1855,鬼怪,low,,,7,1
1856,鬼怪,low,,,22,1
1,鬼怪,low,,,8,1
2,鬼怪,low,,,20,1
3,鬼怪,low,,,25,1
4,鬼怪,low,,,20,1
5,鬼怪,low,,,13,1
6,鬼怪,low,,,30,1
7,鬼怪,low,,,58,1
1862,鬼怪,low,,,23,1
1863,鬼怪,low,,,15,1
1864,鬼怪,low,,,15,1
1865,鬼怪,low,,,7,1
1866,鬼怪,low,,,22,1
1867,鬼怪,low,,,17,1
1868,鬼怪,low,,,16,1
1869,鬼怪,low,,,22,1
1879,鬼怪,low,,,19,1
1870,鬼怪,low,,,15,1
1871,鬼怪,low,,,13,1
1872,鬼怪,low,,,16,1
1873,鬼怪,low,,,17,1
1874,鬼怪,low,,,28,1
1875,鬼怪,low,,,24,1
1876,鬼怪,low,,,15,1
1877,鬼怪,low,,,14,1
1876,鬼怪,low,,,15,1
1877,鬼怪,low,,,39,1
1878,鬼怪,low,,,27,1
1879,鬼怪,low,,,16,1
1880,鬼怪,low,,,8,1
1881,鬼怪,low,,,48,1
1882,鬼怪,low,,,36,1
1,鬼怪,low,,,6,1
2,鬼怪,low,,,9,1
3,鬼怪,low,,,20,1
4,鬼怪,low,,,12,1
5,鬼怪,low,,,13,1
6,鬼怪,low,,,10,1
7,鬼怪,low,,,26,1
1,鬼怪,low,,,8,1
2,鬼怪,low,,,10,1
3,鬼怪,low,,,27,1
4,鬼怪,low,,,24,1
5,鬼怪,low,,,21,1
6,鬼怪,low,,,45,1
1896,鬼怪,low,,,10,1
1897,鬼怪,low,,,29,1
1898,鬼怪,low,,,30,1
1899,鬼怪,low,,,34,1
1900,鬼怪,low,,,45,1
1901,龙王类,low,,,53,1
1902,龙王类,low,,,17,1
1903,龙王类,low,,,25,1
1904,纳西族象形标音文字字典·东巴龙王,low,,,28,1
1905,纳西族象形标音文字字典·东巴龙王,low,,,73,1
1906,纳西族象形标音文字字典·东巴龙王,low,,,20,1
1907,纳西族象形标音文字字典·东巴龙王,low,,,58,1
1908,纳西族象形标音文字字典·东巴龙王,low,,,32,1
1909,纳西族象形标音文字字典·东巴龙王,low,,,78,1
1910,纳西族象形标音文字字典·东巴龙王,low,,,11,1
1911,纳西族象形标音文字字典·东巴龙王,low,,,12,1
1912,纳西族象形标音文字字典·东巴龙王,low,,,26,1
1913,纳西族象形标音文字字典·东巴龙王,low,,,26,1
1914,纳西族象形标音文字字典·东巴龙王,low,,,20,1
1915,纳西族象形标音文字字典·东巴龙王,low,,,37,1
1916,东巴龙王,low,,,33,1
1917,东巴龙王,low,,,36,1
1918,东巴龙王,low,,,36,1
1919,东巴龙王,low,,,34,1
1920,东巴龙王,low,,,25,1
1921,纳西族象形标音文字字典·东巴龙王,low,,,13,1
1922,纳西族象形标音文字字典·东巴龙王,low,,,15,1
1923,纳西族象形标音文字字典·东巴龙王,low,,,11,1
1924,纳西族象形标音文字字典·东巴龙王,low,,,11,1
1925,纳西族象形标音文字字典·东巴龙王,low,,,11,1
1926,纳西族象形标音文字字典·东巴龙王,low,,,11,1
1,天文类,low,,,11,1
2,天文类,low,,,19,1
3,天文类,low,,,11,1
4,天文类,low,,,11,1
5,天文类,low,,,6,1
1031,纳西族象形标音文字字典·东巴龙王,low,,,7,1
1033,纳西族象形标音文字字典·东巴龙王,low,,,8,1
1034,纳西族象形标音文字字典·东巴龙王,low,,,8,1
1035,纳西族象形标音文字字典·东巴龙王,low,,,27,1
1036,纳西族象形标音文字字典·东巴龙王,low,,,15,1
1,纳西族象形标音文字字典·东巴龙王,low,,,14,1
2,纳西族象形标音文字字典·东巴龙王,low,,,47,1
3,纳西族象形标音文字字典·东巴龙王,low,,,50,1
4,纳西族象形标音文字字典·东巴龙王,low,,,39,1
5,纳西族象形标音文字字典·东巴龙王,low,,,21,1
1942,纳西族象形标音文字字典·东巴龙王,low,,,5,1
,纳西族象形标音文字字典·东巴龙王,low,,,5,1
,纳西族象形标音文字字典·东巴龙王,low,,,5,1
,纳西族象形标音文字字典·东巴龙王,low,,,6,1
,纳西族象形标音文字字典·东巴龙王,low,,,6,1
1,纳西族象形标音文字字典·东巴龙王,low,,,8,1
2,纳西族象形标音文字字典·东巴龙王,low,,,10,1
3,纳西族象形标音文字字典·东巴龙王,low,,,12,1
4,纳西族象形标音文字字典·东巴龙王,low,,,7,1
5,纳西族象形标音文字字典·东巴龙王,low,,,6,1
1952,纳西族象形标音文字字典·东巴龙王,low,,,3,1
1953,纳西族象形标音文字字典·东巴龙王,low,,,7,1
1954,纳西族象形标音文字字典·东巴龙王,low,,,7,1
1955,纳西族象形标音文字字典·东巴龙王,low,,,7,1
1,纳西族象形标音文字字典·东巴龙王,low,,,15,1
2,纳西族象形标音文字字典·东巴龙王,low,,,6,1
3,纳西族象形标音文字字典·东巴龙王,low,,,33,1
4,纳西族象形标音文字字典·东巴龙王,low,,,28,1
5,纳西族象形标音文字字典·东巴龙王,low,,,8,1
1914号,纳西族象形标音文字字典·东巴龙王,low,,,6,1
,纳西族象形标音文字字典·东巴龙王,low,,,6,1
,纳西族象形标音文字字典·东巴龙王,low,,,6,1
,纳西族象形标音文字字典·东巴龙王,low,,,6,1
,纳西族象形标音文字字典·东巴龙王,low,,,6,1
1967,纳西族象形标音文字字典·东巴龙王,low,,,30,1
1968,纳西族象形标音文字字典·东巴龙王,low,,,19,1
1969,纳西族象形标音文字字典·东巴龙王,low,,,21,1
1970,纳西族象形标音文字字典·东巴龙王,low,,,33,1
1971,纳西族象形标音文字字典·东巴龙王,low,,,30,1
1972,纳西族象形标音文字字典·东巴龙王,low,,,39,1
1973,纳西族象形标音文字字典·东巴龙王,low,,,36,1
1973,纳西族象形标音文字字典·东巴龙王,low,,,14,1
1974,纳西族象形标音文字字典·东巴龙王,low,,,14,1
1975,纳西族象形标音文字字典·东巴龙王,low,,,14,1
1976,纳西族象形标音文字字典·东巴龙王,low,,,14,1
1977,纳西族象形标音文字字典·东巴龙王,low,,,15,1
1978,纳西族象形标音文字字典·东巴龙王,low,,,15,1
1979,纳西族象形标音文字字典·东巴龙王,low,,,14,1
1980,纳西族象形标音文字字典·东巴龙王,low,,,11,1
1981,纳西族象形标音文字字典·东巴龙王,low,,,20,1
1982,纳西族象形标音文字字典·东巴龙王,low,,,20,1
1983,纳西族象形标音文字字典·东巴龙王,low,,,28,1
1984,纳西族象形标音文字字典·东巴龙王,low,,,29,1
1985,纳西族象形标音文字字典·东巴龙王,low,,,21,1
1986,纳西族象形标音文字字典·东巴龙王,low,,,22,1
1987,纳西族象形标音文字字典·东巴龙王,low,,,7,1
1988,纳西族象形标音文字字典·东巴龙王,low,,,7,1
1989,纳西族象形标音文字字典·东巴龙王,low,,,7,1
1990,纳西族象形标音文字字典·东巴龙王,low,,,7,1
1991,纳西族象形标音文字字典·东巴龙王,low,,,7,1
1992,纳西族象形标音文字字典·东巴龙王,low,,,7,1
1993,纳西族象形标音文字字典·东巴龙王,low,,,7,1
1994,纳西族象形标音文字字典·东巴龙王,low,,,7,1
1995,纳西族象形标音文字字典·东巴龙王,low,,,7,1
1996,纳西族象形标音文字字典·东巴龙王,low,,,21,1
1997,纳西族象形标音文字字典·东巴龙王,low,,,20,1
1998,纳西族象形标音文字字典·东巴龙王,low,,,47,1
1999,纳西族象形标音文字字典·东巴龙王,low,,,30,1
1610号,十八神类,low,,,47,1
未明确,十八神类,low,,,93,1
未明确,十八神类,low,,,45,1
未明确,十八神类,low,,,98,1
[ŋqɑ^{33}],神,low,,,29,1
[o^{31}],神,low,,,87,1
[p^{55}],神,low,,,25,1
[he^{31}],神,low,,,25,1
[he^{31}dʒA^{33}],天文类,low,,,27,1
2009,神,low,,,53,1
2010,神,low,,,59,1
2011,神,low,,,20,1
2012,神,low,,,16,1
2013,神,low,,,16,1
2014,神,low,,,32,1
2015,神,low,,,27,1
2016,神,low,,,22,1
2017,神,low,,,28,1
2018,神,low,,,29,1
2019,神,low,,,23,1
2020,神,low,,,11,1
2021,神,low,,,33,1
2022,神,low,,,19,1
2023,神,low,,,22,1
2024,神,low,,,53,1
2025,神,low,,,28,1
2026,神,low,,,35,1
2027,神,low,,,36,1
2028,神,low,,,19,1
2039,神,low,,,7,1
2040,神,low,,,7,1
2031,神,low,,,7,1
2032,神,low,,,7,1
2033,神,low,,,10,1
2034,神,low,,,36,1
2035,神,low,,,82,1
2036,神,low,,,26,1
2037,神,low,,,15,1
2038,神,low,,,18,1
2039,神,low,,,18,1
2040,神,low,,,19,1
2041,神,low,,,42,1
2042,神,low,,,10,1
1,神,low,,,11,1
2,神,low,,,11,1
3,神,low,,,33,1
4,神,low,,,10,1
5,神,low,,,10,1
6,神,low,,,10,1
1,神,low,,,4,1
2,神,low,,,19,1
3,神,low,,,21,1
4,神,low,,,16,1
5,神,low,,,18,1
6,神,low,,,23,1
7,神,low,,,43,1
1,神,low,,,33,1
2,神,low,,,13,1
3,神,low,,,10,1
4,神,low,,,10,1
5,神,low,,,10,1
6,神,low,,,12,1
7,神,low,,,11,1
2062,神,low,,,13,1
2063,神,low,,,11,1
2064,神,low,,,34,1
2065,神,low,,,20,1
2066,神,low,,,20,1
2067,神,low,,,39,1
2068,神,low,,,43,1
2069,神,low,,,12,1
2070,神,low,,,10,1
2071,神,low,,,12,1
2072,神,low,,,23,1
2073,神,low,,,21,1
2074,神,low,,,44,1
2075,神,low,,,10,1
2076,神,low,,,9,1
2077,神,low,,,9,1
2078,神,low,,,49,1
2079,神,low,,,36,1
2080,神,low,,,9,1
2081,神,low,,,9,1
2082,神,low,,,9,1
2083,神,low,,,9,1
2084,神,low,,,8,1
2085,神,low,,,5,1
2086,神,low,,,4,1
2087,神,low,,,4,1
2088,神,low,,,4,1
2089,神,low,,,4,1
2090,神,low,,,4,1
2091,神,low,,,4,1
2092,神,low,,,9,1
1,神,low,,,9,1
2,神,low,,,0,1
3,神,low,,,9,1
4,神,low,,,4,1
5,神,low,,,4,1
6,神,low,,,4,1
7,神,low,,,6,1
8,神,low,,,3,1
2100,神,low,,,27,1
2101,神,low,,,36,1
2102,神,low,,,12,1
2103,神,low,,,12,1
2104,神,low,,,19,1
2105,神,low,,,19,1
2106,神,low,,,32,1
2107,神,low,,,9,1
2108,神,low,,,28,1
2109,神,low,,,15,1
2110,神,low,,,7,1
2111,神,low,,,15,1
2112,神,low,,,15,1
2113,神,low,,,7,1
2114,神,low,,,17,1
2115,神,low,,,12,1
2116,神,low,,,18,1
2117,神,low,,,14,1
2118,神,low,,,46,1
2119,神,low,,,30,1
2120,神,low,,,23,1
